-- Create a graph demo database
drop database if exists  graphdemo
GO

CREATE DATABASE graphdemo;
go

USE  graphdemo;
go



-- Create NODE tables
CREATE TABLE Person (
  ID INTEGER PRIMARY KEY,
  name VARCHAR(100)
) AS NODE;

CREATE TABLE Restaurant (
  ID INTEGER NOT NULL,
  name VARCHAR(100),
  city VARCHAR(100)
) AS NODE;

CREATE TABLE City (
  ID INTEGER PRIMARY KEY,
  name VARCHAR(100),
  stateName VARCHAR(100)
) AS NODE;

-- Create EDGE tables. 
CREATE TABLE likes (rating INTEGER) AS EDGE;
CREATE TABLE friendOf AS EDGE;
CREATE TABLE livesIn AS EDGE;
CREATE TABLE locatedIn AS EDGE;

-- Insert data into node tables. Inserting into a node table is same as inserting into a regular table
INSERT INTO Person VALUES (1,'John');
INSERT INTO Person VALUES (2,'Mary');
INSERT INTO Person VALUES (3,'Alice');
INSERT INTO Person VALUES (4,'Jacob');
INSERT INTO Person VALUES (5,'Julie');

select * from Person

INSERT INTO Restaurant VALUES (1,'Taco Dell','Bellevue');
INSERT INTO Restaurant VALUES (2,'Ginger and Spice','Seattle');
INSERT INTO Restaurant VALUES (3,'Noodle Land', 'Redmond');

select * from Restaurant

INSERT INTO City VALUES (1,'Bellevue','wa');
INSERT INTO City VALUES (2,'Seattle','wa');
INSERT INTO City VALUES (3,'Redmond','wa');

select * from City

-- Insert into edge table. While inserting into an edge table,
-- you need to provide the $node_id from $from_id and $to_id columns.
INSERT INTO likes VALUES ((SELECT $node_id FROM Person WHERE ID = 1), 
       (SELECT $node_id FROM Restaurant WHERE ID = 1),9);
INSERT INTO likes VALUES ((SELECT $node_id FROM Person WHERE ID = 2), 
      (SELECT $node_id FROM Restaurant WHERE ID = 2),9);
INSERT INTO likes VALUES ((SELECT $node_id FROM Person WHERE ID = 3), 
      (SELECT $node_id FROM Restaurant WHERE ID = 3),9);
INSERT INTO likes VALUES ((SELECT $node_id FROM Person WHERE ID = 4), 
      (SELECT $node_id FROM Restaurant WHERE ID = 3),9);
INSERT INTO likes VALUES ((SELECT $node_id FROM Person WHERE ID = 5), 
      (SELECT $node_id FROM Restaurant WHERE ID = 3),9);

select * from likes

INSERT INTO livesIn VALUES ((SELECT $node_id FROM Person WHERE ID = 1),
      (SELECT $node_id FROM City WHERE ID = 1));
INSERT INTO livesIn VALUES ((SELECT $node_id FROM Person WHERE ID = 2),
      (SELECT $node_id FROM City WHERE ID = 2));
INSERT INTO livesIn VALUES ((SELECT $node_id FROM Person WHERE ID = 3),
      (SELECT $node_id FROM City WHERE ID = 3));
INSERT INTO livesIn VALUES ((SELECT $node_id FROM Person WHERE ID = 4),
      (SELECT $node_id FROM City WHERE ID = 3));
INSERT INTO livesIn VALUES ((SELECT $node_id FROM Person WHERE ID = 5),
      (SELECT $node_id FROM City WHERE ID = 1));

select * from livesin

INSERT INTO locatedIn VALUES ((SELECT $node_id FROM Restaurant WHERE ID = 1),
      (SELECT $node_id FROM City WHERE ID =1));
INSERT INTO locatedIn VALUES ((SELECT $node_id FROM Restaurant WHERE ID = 2),
      (SELECT $node_id FROM City WHERE ID =2));
INSERT INTO locatedIn VALUES ((SELECT $node_id FROM Restaurant WHERE ID = 3),
      (SELECT $node_id FROM City WHERE ID =3));

select * from locatedIn

-- Insert data into the friendOf edge
INSERT INTO friendOf VALUES ((SELECT $NODE_ID FROM Person WHERE ID = 1), (SELECT $NODE_ID FROM Person WHERE ID = 2));
INSERT INTO friendOf VALUES ((SELECT $NODE_ID FROM Person WHERE ID = 2), (SELECT $NODE_ID FROM Person WHERE ID = 3));
INSERT INTO friendOf VALUES ((SELECT $NODE_ID FROM Person WHERE ID = 3), (SELECT $NODE_ID FROM Person WHERE ID = 1));
INSERT INTO friendOf VALUES ((SELECT $NODE_ID FROM Person WHERE ID = 4), (SELECT $NODE_ID FROM Person WHERE ID = 2));
INSERT INTO friendOf VALUES ((SELECT $NODE_ID FROM Person WHERE ID = 5), (SELECT $NODE_ID FROM Person WHERE ID = 4));

select * from friendOf

-- Find Restaurants that John likes
SELECT Restaurant.name
FROM Person, likes, Restaurant
WHERE MATCH (Person-(likes)->Restaurant)
AND Person.name = 'John';

-- Find Restaurants that John's friends like
SELECT Restaurant.name 
FROM Person person1, Person person2, likes, friendOf, Restaurant
WHERE MATCH(person1-(friendOf)->person2-(likes)->Restaurant)
AND person1.name='John';

-- Find people who like a restaurant in the same city they live in
SELECT Person.name
FROM Person, likes, Restaurant, livesIn, City, locatedIn
WHERE MATCH (Person-(likes)->Restaurant-(locatedIn)->City AND Person-(livesIn)->City);